kappa,theta,xi,rho,v0,rmse,mae,mape,elapsed_time,success,n_evaluations
9.999999999999998,0.010000000000000078,0.1898951954045168,-0.8999996510205492,0.010000001286095149,34.2835710814902,26.326549105569512,13.20773726301737,961.2634971141815,True,14
