kappa,theta,xi,rho,v0,rmse,mae,mape,elapsed_time,success,n_evaluations
9.999999999999998,0.010000000000000078,0.1898953992122057,-0.8999996499852354,0.010000001288633311,34.2835936083282,26.326554287872927,13.2077301243373,1065.4699280261993,True,14
